EmployeeID,EmployeeName,Gender,Department,JoiningDate,Manager,Location
E001,Employee 1,Male,IT,2022-07-18,Neha Gupta,Mumbai
E002,Employee 2,Male,IT,2024-10-17,Anita Sharma,Delhi
E003,Employee 3,Female,IT,2021-03-03,Raj Verma,Mumbai
E004,Employee 4,Male,Operations,2024-05-17,Raj Verma,Chandigarh
E005,Employee 5,Male,Operations,2023-05-10,Neha Gupta,Pune
E006,Employee 6,Female,IT,2021-11-23,Vivek Rao,Bangalore
E007,Employee 7,Female,HR,2022-03-17,Sanjay Mehta,Delhi
E008,Employee 8,Male,Marketing,2021-07-18,Sanjay Mehta,Bangalore
E009,Employee 9,Female,IT,2025-02-03,Vivek Rao,Chandigarh
E010,Employee 10,Male,Marketing,2021-06-11,Anita Sharma,Bangalore
E011,Employee 11,Female,Operations,2022-01-29,Raj Verma,Delhi
E012,Employee 12,Male,Finance,2021-06-13,Neha Gupta,Delhi
E013,Employee 13,Female,Finance,2023-07-18,Sanjay Mehta,Mumbai
E014,Employee 14,Female,Finance,2022-03-06,Sanjay Mehta,Delhi
E015,Employee 15,Male,Operations,2025-02-02,Neha Gupta,Mumbai
E016,Employee 16,Female,Marketing,2022-07-07,Anita Sharma,Mumbai
E017,Employee 17,Female,IT,2022-04-15,Raj Verma,Bangalore
E018,Employee 18,Female,Finance,2021-05-16,Neha Gupta,Chandigarh
E019,Employee 19,Female,HR,2024-09-04,Vivek Rao,Pune
E020,Employee 20,Female,HR,2022-06-27,Neha Gupta,Mumbai
E021,Employee 21,Female,Operations,2023-05-28,Anita Sharma,Pune
E022,Employee 22,Female,HR,2021-10-11,Anita Sharma,Pune
E023,Employee 23,Male,IT,2021-08-13,Neha Gupta,Mumbai
E024,Employee 24,Female,Operations,2021-05-11,Vivek Rao,Pune
E025,Employee 25,Female,Operations,2022-05-30,Anita Sharma,Delhi
E026,Employee 26,Male,Operations,2022-07-01,Sanjay Mehta,Delhi
E027,Employee 27,Female,Marketing,2021-11-20,Vivek Rao,Delhi
E028,Employee 28,Female,Operations,2022-01-01,Anita Sharma,Delhi
E029,Employee 29,Female,Operations,2024-06-01,Neha Gupta,Mumbai
E030,Employee 30,Female,HR,2024-01-10,Anita Sharma,Delhi
E031,Employee 31,Female,Marketing,2021-02-09,Raj Verma,Bangalore
E032,Employee 32,Female,HR,2021-04-29,Neha Gupta,Chandigarh
E033,Employee 33,Male,IT,2025-02-07,Vivek Rao,Delhi
E034,Employee 34,Male,HR,2024-09-13,Vivek Rao,Chandigarh
E035,Employee 35,Male,Finance,2023-12-17,Anita Sharma,Pune
E036,Employee 36,Male,Operations,2025-02-03,Neha Gupta,Bangalore
E037,Employee 37,Female,Finance,2023-06-17,Anita Sharma,Pune
E038,Employee 38,Male,HR,2022-04-06,Raj Verma,Bangalore
E039,Employee 39,Male,Operations,2024-02-09,Neha Gupta,Chandigarh
E040,Employee 40,Male,IT,2021-05-26,Raj Verma,Mumbai
E041,Employee 41,Male,IT,2022-11-08,Raj Verma,Chandigarh
E042,Employee 42,Male,Finance,2024-10-02,Vivek Rao,Mumbai
E043,Employee 43,Male,Operations,2024-03-26,Vivek Rao,Mumbai
E044,Employee 44,Female,Marketing,2022-01-25,Raj Verma,Delhi
E045,Employee 45,Female,Finance,2023-05-18,Vivek Rao,Pune
E046,Employee 46,Male,IT,2021-05-05,Vivek Rao,Bangalore
E047,Employee 47,Male,HR,2022-01-28,Neha Gupta,Chandigarh
E048,Employee 48,Female,HR,2023-05-15,Neha Gupta,Bangalore
E049,Employee 49,Female,HR,2021-06-04,Vivek Rao,Chandigarh
E050,Employee 50,Male,IT,2024-08-28,Anita Sharma,Delhi
